id,Title,Grad_Year,First_Name,Last_Name,email,NUID,College_ID
1,Dr,1994,Rudolph,Bantick,rbantick0@abc.net.au,65864177,31
2,Rev,1999,Grover,Laurentino,glaurentino1@yahoo.com,60997736,32
3,Mrs,2003,Ted,Heasly,theasly2@macromedia.com,92001826,3
4,Mr,1992,Perren,Rosenau,prosenau3@ted.com,16852763,37
5,Ms,2002,Desiree,Ericssen,dericssen4@4shared.com,60374556,36
6,Ms,1994,Jeff,Silcock,jsilcock5@mtv.com,61446146,39
7,Honorable,2003,Dulcea,Barthod,dbarthod6@craigslist.org,93843403,5
8,Mrs,1992,Natalie,Tolwood,ntolwood7@friendfeed.com,47932497,22
9,Ms,1998,Man,Ausiello,mausiello8@weibo.com,24339643,29
10,Honorable,1995,Doralynn,Bartoleyn,dbartoleyn9@cmu.edu,11530981,39
11,Rev,2002,Kate,Olliff,kolliffa@goodreads.com,64094556,36
12,Dr,1985,Rhys,Futcher,rfutcherb@addtoany.com,35222863,18
13,Ms,2011,Jasun,Radford,jradfordc@1und1.de,84460158,19
14,Rev,1989,Meris,Arnot,marnotd@free.fr,31258683,15
15,Mrs,2013,Dennie,Dicky,ddickye@fastcompany.com,10237903,4
16,Honorable,1994,Donella,Dunmore,ddunmoref@etsy.com,15648344,10
17,Honorable,2008,Erwin,Alleway,eallewayg@apache.org,15885629,14
18,Ms,1993,Lynnet,Adderley,ladderleyh@ucoz.ru,17768155,32
19,Mr,1984,Lowrance,Waldie,lwaldiei@digg.com,49655922,34
20,Mrs,2006,Barny,Samett,bsamettj@kickstarter.com,62492023,11
21,Honorable,1998,Arline,Oliveira,aoliveirak@list-manage.com,25181574,22
22,Mrs,2003,Annamaria,O'Kennedy,aokennedyl@cam.ac.uk,59147355,27
23,Rev,2005,Shayne,Occleshaw,soccleshawm@desdev.cn,62985301,9
24,Mrs,1994,Sallyanne,Boldock,sboldockn@salon.com,86925341,33
25,Mrs,1995,Melody,Guerre,mguerreo@hud.gov,70219137,21
26,Mrs,1995,Iris,Duffit,iduffitp@wordpress.com,85391001,33
27,Dr,1969,Morgan,Bearcroft,mbearcroftq@opensource.org,84603665,5
28,Rev,1997,Shae,Clampin,sclampinr@timesonline.co.uk,43772282,19
29,Mrs,2008,Rodolph,Coffee,rcoffees@gmpg.org,27060517,26
30,Honorable,2002,Kasey,Boswood,kboswoodt@nsw.gov.au,19721453,34
31,Rev,2006,Moss,Warman,mwarmanu@github.com,28719090,32
32,Ms,2007,Kiley,Lohrensen,klohrensenv@geocities.com,95671909,15
33,Ms,2001,Arch,Apfler,aapflerw@themeforest.net,61922476,27
34,Honorable,2005,Quinton,Pleasance,qpleasancex@ftc.gov,68887229,39
35,Dr,2009,Odilia,Hitschke,ohitschkey@hatena.ne.jp,12015340,12
36,Mr,2009,Colene,Hesse,chessez@sciencedaily.com,21769887,3
37,Mr,2006,De witt,Wrate,dwrate10@mtv.com,63770187,37
38,Mrs,2003,Elnar,Chatt,echatt11@slate.com,14184416,21
39,Dr,1991,Stephana,Tomblings,stomblings12@yolasite.com,58306649,10
40,Mrs,2011,Glennis,Lamburne,glamburne13@thetimes.co.uk,30250522,1
