empID,title,fName,lName,email,courseID
1,Software Engineer,Alaine,Hulles,alaine.hulles@yahoo.com,18
2,Sales Executive,Berna,Kerr,berna.kerr@hotmail.com,41
3,Manager,Waiter,Hargerie,waiter.hargerie@gmail.com,20
4,Sales Executive,Wilfred,Crannage,wilfred.crannage@yahoo.com,5
5,DevOps Engineer,Flossy,Hayter,flossy.hayter@gmail.com,32
6,Product Owner,Leo,Foat,leo.foat@yahoo.com,10
7,Product Owner,Shalne,Monkman,shalne.monkman@gmail.com,22
8,Marketing Coordinator,Emery,Trundler,emery.trundler@me.com,27
9,Customer Support,Valli,Hadaway,valli.hadaway@yahoo.com,74
10,Marketing Coordinator,Kennett,Lappine,kennett.lappine@yahoo.com,50
11,Customer Support,Staffard,Delooze,staffard.delooze@msn.com,44
12,System Administrator,Kimberly,Vaune,kimberly.vaune@yahoo.com,40
13,Quality Assurance,Sollie,McFadyen,sollie.mcfadyen@gmail.com,5
14,UX Designer,Adrien,Ginie,adrien.ginie@yahoo.com,20
15,Team Lead,Casi,Gommowe,casi.gommowe@sfr.fr,5
16,Software Engineer,Emilia,Burborough,emilia.burborough@yahoo.com,81
17,Quality Assurance,Lorrie,Leall,lorrie.leall@hotmail.com,27
18,UX Designer,Forster,Larose,forster.larose@gmail.com,93
19,HR Specialist,Easter,McLarens,easter.mclarens@zonnet.nl,63
20,Product Owner,Buckie,Rowlstone,buckie.rowlstone@hotmail.com,89
21,System Administrator,Eula,Casina,eula.casina@gmail.com,87
22,HR Specialist,Harmon,Danser,harmon.danser@gmail.com,46
23,Sales Executive,Berky,Yakunchikov,berky.yakunchikov@gmail.com,95
24,Quality Assurance,Lara,Dawney,lara.dawney@gmail.com,12
25,Sales Executive,Brenda,McAlroy,brenda.mcalroy@yahoo.com,20
26,UX Designer,Lib,Bentick,lib.bentick@gmail.com,17
27,Quality Assurance,Bryana,Beeswing,bryana.beeswing@gmail.com,40
28,Product Owner,Guillermo,Ambrus,guillermo.ambrus@yahoo.com,51
29,Product Owner,Dee,Feedham,dee.feedham@yahoo.com,42
30,Software Engineer,Pattie,Conor,pattie.conor@hotmail.com,1
31,Business Analyst,Greer,Duesbury,greer.duesbury@yahoo.com,69
32,Team Lead,Norry,Bardell,norry.bardell@yahoo.com,17
33,Marketing Coordinator,Willi,Record,willi.record@hotmail.com,35
34,Customer Support,Ardella,Franzetti,ardella.franzetti@aol.com,41
35,UX Designer,Maximilianus,Castellani,maximilianus.castellani@yahoo.com,53
36,Product Owner,Job,Celle,job.celle@yahoo.com,71
37,Director,Robena,Knapper,robena.knapper@sbcglobal.net,35
38,Business Analyst,Abbot,Andreutti,abbot.andreutti@gmail.com,19
39,Data Analyst,Margarette,McLugaish,margarette.mclugaish@yahoo.com,4
40,Customer Support,Yardley,Harrald,yardley.harrald@hotmail.co.uk,18
41,Manager,Edy,Ritchman,edy.ritchman@outlook.com,40
42,Marketing Coordinator,Patty,Eck,patty.eck@outlook.com,8
43,Director,Eb,Densham,eb.densham@gmail.com,93
44,Sales Executive,Faith,Krebs,faith.krebs@gmail.com,49
45,Team Lead,Conroy,Derks,conroy.derks@yahoo.com,65
46,Sales Executive,Kelvin,Whapham,kelvin.whapham@yahoo.com,85
47,Director,Garald,Geraldini,garald.geraldini@gmail.com,92
48,DevOps Engineer,Gilberto,Cogzell,gilberto.cogzell@gmail.com,14
49,HR Specialist,Lauralee,Ferris,lauralee.ferris@yahoo.com,94
50,Data Analyst,Alla,Noe,alla.noe@yahoo.com,63
51,Director,Boniface,Headingham,boniface.headingham@msn.com,94
52,DevOps Engineer,Thornton,Jeyes,thornton.jeyes@gmail.com,19
53,Manager,Kimberlee,Durham,kimberlee.durham@gmail.com,83
54,Marketing Coordinator,Aymer,Darrell,aymer.darrell@yahoo.com,98
55,Marketing Coordinator,Briant,Solomonides,briant.solomonides@gmail.com,71
56,Business Analyst,Trumann,Abbot,trumann.abbot@sbcglobal.net,61
57,System Administrator,Jereme,Phinnessy,jereme.phinnessy@neuf.fr,8
58,Director,Adena,Pesek,adena.pesek@gmail.com,100
59,Director,Kaylee,McClancy,kaylee.mcclancy@yahoo.com,19
60,Data Analyst,Dasha,Stoter,dasha.stoter@gmail.com,30
61,Data Analyst,Rivalee,MacCurley,rivalee.maccurley@ymail.com,14
62,Customer Support,Beau,Blissett,beau.blissett@yahoo.com,96
63,UX Designer,Jaclin,Delacoste,jaclin.delacoste@hotmail.com,95
64,Business Analyst,Marshal,Hebbes,marshal.hebbes@yahoo.com,28
65,Product Owner,Farley,Bartolomeotti,farley.bartolomeotti@hotmail.com,27
66,System Administrator,Roobbie,Gaythorpe,roobbie.gaythorpe@att.net,78
67,Product Owner,Clarinda,Chander,clarinda.chander@yahoo.fr,95
68,Customer Support,Andrei,Reeks,andrei.reeks@orange.fr,98
69,Customer Support,Thomasa,Ibotson,thomasa.ibotson@gmail.com,90
70,HR Specialist,Tobi,Barzen,tobi.barzen@gmail.com,40
71,Data Analyst,Chiquia,Grivori,chiquia.grivori@aol.com,16
72,Director,Lanni,Queen,lanni.queen@yahoo.com,71
73,Data Analyst,Murray,Atthow,murray.atthow@gmail.com,8
74,System Administrator,Lorinda,Beake,lorinda.beake@gmail.com,23
75,Business Analyst,Ellery,Danbi,ellery.danbi@yahoo.com,77
76,Manager,Grier,Giroldi,grier.giroldi@hotmail.it,34
77,Software Engineer,Travis,Horribine,travis.horribine@yahoo.com,1
78,System Administrator,Stirling,Prior,stirling.prior@hotmail.com,49
79,Manager,Gav,Borham,gav.borham@gmail.com,75
80,DevOps Engineer,Perice,Theriot,perice.theriot@verizon.net,84
81,Sales Executive,Revkah,Bounds,revkah.bounds@hotmail.com,15
82,Software Engineer,Agnella,Ummfrey,agnella.ummfrey@gmail.com,14
83,Quality Assurance,Neille,Balderston,neille.balderston@aol.com,16
84,Business Analyst,Hadley,Palmer,hadley.palmer@gmail.com,5
85,Data Analyst,Sherman,Dukesbury,sherman.dukesbury@yahoo.com.sg,67
86,Manager,Allianora,Darrow,allianora.darrow@yahoo.com,36
87,Product Owner,Diahann,Tiley,diahann.tiley@yahoo.com,46
88,Team Lead,Shaylah,Starrs,shaylah.starrs@gmail.com,77
89,System Administrator,Bartlet,Crimin,bartlet.crimin@hotmail.fr,17
90,Marketing Coordinator,Gayelord,Gaishson,gayelord.gaishson@gmail.com,51
91,DevOps Engineer,Kiley,Bruneton,kiley.bruneton@gmail.com,64
92,Manager,Orly,Figiovanni,orly.figiovanni@hotmail.com,52
93,Product Owner,Dorris,Wehnerr,dorris.wehnerr@yahoo.com,72
94,Sales Executive,Jeralee,Linskey,jeralee.linskey@live.co.uk,77
95,Customer Support,Hanan,Letertre,hanan.letertre@earthlink.net,66
96,Product Owner,Hersch,Reboul,hersch.reboul@aim.com,24
97,DevOps Engineer,Inness,Eliesco,inness.eliesco@hotmail.co.uk,4
98,Marketing Coordinator,Elton,Routh,elton.routh@yahoo.com,21
99,Software Engineer,Keefe,Bulley,keefe.bulley@yahoo.com,93
100,Sales Executive,Dorey,Blackler,dorey.blackler@gmail.com,64
