profID,fName,lName,department,email
1,Gallagher,Chalcroft,Engineering,gallagher.chalcroft@gmail.com
2,Otha,Stoakes,Biology,otha.stoakes@yahoo.com
3,Pearce,Fiddymont,History,pearce.fiddymont@yahoo.com
4,Teador,Brim,History,teador.brim@gmail.com
5,Diana,Greenroyd,Mathematics,diana.greenroyd@yahoo.com
6,Ignacio,Mapplethorpe,Physics,ignacio.mapplethorpe@t-online.de
7,Lonnard,Cristofolini,Computer Science,lonnard.cristofolini@yahoo.com
8,Cecilio,Dowbekin,Political Science,cecilio.dowbekin@yahoo.fr
9,Trisha,Bernot,Chemistry,trisha.bernot@hotmail.fr
10,Ariana,Jobbins,Psychology,ariana.jobbins@yahoo.com.br
11,Norton,Fahy,Mathematics,norton.fahy@yahoo.com
12,Nanci,Snowling,Mathematics,nanci.snowling@yahoo.com
13,Koren,Ramelot,History,koren.ramelot@yahoo.com
14,Lester,Domnin,Art History,lester.domnin@hotmail.com
15,Maridel,Pinke,Computer Science,maridel.pinke@gmail.com
16,Margaretha,Worsfold,History,margaretha.worsfold@yahoo.com
17,Timi,Scirman,Psychology,timi.scirman@yahoo.com
18,Lucais,Schankelborg,Sociology,lucais.schankelborg@gmail.com
19,Donnajean,Grumble,Art History,donnajean.grumble@wanadoo.fr
20,Jonah,Westerman,Economics,jonah.westerman@gmail.com
21,Judah,Elintune,Psychology,judah.elintune@gmail.com
22,Ricard,Woolveridge,English,ricard.woolveridge@hotmail.com
23,Briney,Marvelley,Architecture,briney.marvelley@yahoo.com
24,Stanford,Ledster,Architecture,stanford.ledster@hotmail.com
25,Normy,Davidowich,Architecture,normy.davidowich@live.com
26,Addison,de Bullion,Biology,addison.debullion@yahoo.com
27,Almeria,Goodridge,Sociology,almeria.goodridge@yahoo.es
28,Cherrita,Alelsandrowicz,Chemistry,cherrita.alelsandrowicz@gmail.com
29,Linc,Reynoollds,History,linc.reynoollds@gmail.com
30,Averyl,Harmer,English,averyl.harmer@yahoo.com.br
31,Janene,Bramhall,Mathematics,janene.bramhall@yahoo.fr
32,Meggi,Ackrill,Economics,meggi.ackrill@yahoo.de
33,Christos,Immins,Computer Science,christos.immins@hotmail.com
34,Elias,Lepoidevin,Economics,elias.lepoidevin@hotmail.com
35,Drucy,Howey,Computer Science,drucy.howey@gmail.com
36,Brandon,Doore,Economics,brandon.doore@yahoo.com
37,Marleah,Parton,Architecture,marleah.parton@yahoo.com
38,Niel,Shelsher,Psychology,niel.shelsher@yahoo.fr
39,Abby,Hubbucks,English,abby.hubbucks@gmail.com
40,Sibeal,Gargett,Sociology,sibeal.gargett@hotmail.com
41,Feliza,Tozer,Art History,feliza.tozer@gmail.com
42,Bart,Forcade,Biology,bart.forcade@tin.it
43,Amandy,Maughan,History,amandy.maughan@gmail.com
44,Alica,Bauduin,Chemistry,alica.bauduin@gmail.com
45,Hyatt,Searsby,English,hyatt.searsby@yahoo.com
46,Ailsun,Espadas,Art History,ailsun.espadas@hotmail.com
47,Salome,Ramsey,Art History,salome.ramsey@live.com
48,Damian,Vallintine,Music,damian.vallintine@gmail.com
49,Carmelina,Cosgrive,Biology,carmelina.cosgrive@yahoo.com
50,Dorisa,Mimmack,Psychology,dorisa.mimmack@yahoo.com
51,Gnni,Ayto,Music,gnni.ayto@yahoo.com
52,Virginia,Iskow,Art History,virginia.iskow@gmail.com
53,Joy,Hydes,Economics,joy.hydes@hotmail.com
54,Artair,Crich,Music,artair.crich@gmail.com
55,Addy,Gorring,Economics,addy.gorring@hotmail.com
56,Urbano,Dumphries,Physics,urbano.dumphries@freenet.de
57,Ethelda,Oliphard,Political Science,ethelda.oliphard@gmail.com
58,Michail,Travers,Political Science,michail.travers@hotmail.fr
59,Tadeo,Randal,Art History,tadeo.randal@yahoo.com
60,Henrik,Epgrave,English,henrik.epgrave@yahoo.com
61,Roderigo,Borzone,Political Science,roderigo.borzone@yahoo.com
62,Jody,Matieu,Political Science,jody.matieu@hotmail.com
63,Kellby,Niccols,Chemistry,kellby.niccols@libero.it
64,Waldo,Barham,Mathematics,waldo.barham@gmail.com
65,Adeline,Abisetti,Computer Science,adeline.abisetti@hotmail.com
66,Mylo,Woodrough,Computer Science,mylo.woodrough@yahoo.com
67,Ellswerth,Pickersgill,Computer Science,ellswerth.pickersgill@yahoo.com
68,Beret,Arnholdt,Economics,beret.arnholdt@hotmail.com
69,Dru,Fosher,Chemistry,dru.fosher@yahoo.com
70,Tracie,Hallihane,History,tracie.hallihane@gmail.com
71,Corilla,Ditchfield,Psychology,corilla.ditchfield@gmail.com
72,Antoine,Meeny,Biology,antoine.meeny@yahoo.com
73,Karrah,Eaglen,Architecture,karrah.eaglen@gmail.com
74,Eliza,Grastye,Political Science,eliza.grastye@gmail.com
75,Rafael,Brockton,Architecture,rafael.brockton@yahoo.com.br
76,Warren,Cornill,History,warren.cornill@hotmail.com
77,Ilene,Ganter,Computer Science,ilene.ganter@gmail.com
78,Meir,Dashkovich,Economics,meir.dashkovich@aol.com
79,Aubert,Degg,Architecture,aubert.degg@web.de
80,Ingmar,Harling,Chemistry,ingmar.harling@yahoo.com
81,Lovell,Hordell,Psychology,lovell.hordell@yahoo.com
82,Dode,Elleton,Biology,dode.elleton@comcast.net
83,Ferne,Bulstrode,History,ferne.bulstrode@hotmail.com
84,Rickert,Paolinelli,Architecture,rickert.paolinelli@gmail.com
85,Cornall,Kernar,Economics,cornall.kernar@wanadoo.fr
86,Alix,Broadwood,Biology,alix.broadwood@yahoo.com
87,Ilka,Mates,Engineering,ilka.mates@orange.fr
88,Panchito,Loudyan,Economics,panchito.loudyan@cox.net
89,Bartram,Anshell,Music,bartram.anshell@yahoo.com
90,Brice,Blackburn,Sociology,brice.blackburn@verizon.net
91,Cynthie,Portis,Art History,cynthie.portis@yahoo.co.uk
92,Mariska,Longega,Mathematics,mariska.longega@yahoo.co.in
93,Solomon,McGarvie,Music,solomon.mcgarvie@hotmail.com
94,Drucill,Glasbey,Political Science,drucill.glasbey@aol.com
95,Scotty,Fontin,Art History,scotty.fontin@orange.fr
96,Gerri,Magovern,Art History,gerri.magovern@yahoo.com
97,Harriott,Orta,Physics,harriott.orta@hotmail.com
98,Lyndel,Stoate,Architecture,lyndel.stoate@yahoo.com
99,Briny,Ashpole,English,briny.ashpole@gmx.de
100,Amby,Malshinger,Music,amby.malshinger@gmail.com
